Workbook
Name _AccountService: Profile!$A$3163
Name _ActionInfo: Profile!$A$1736
Name _Assembly: Profile!$A$1987
Name _AttributeRegistry: Profile!$A$1183
Name _BootOption: Profile!$A$20
Name _Chassis: Profile!$A$1990
Name _Common_Properties: Profile!$A$1258
Name _ComputerSystem: Profile!$A$21
Name _Drive: Profile!$A$2087
Name _Endpoint: Profile!#REF!
Name _EthernetInterface: Profile!$A$1358
Name _Event: Profile!$A$601
Name _EventDestination: Profile!$A$629
Name _EventService: Profile!$A$653
Name _ExternalAccountProvider: Profile!$A$3240
Name _Hlk524428920: Profile!$A$637
Name _Hlk524430808: Profile!$A$3109
Name _HostInterface: Profile!$A$969
Name _Identifier: Profile!$A$3141
Name _IP_Address: Profile!$A$1435
Name _Job: Profile!$A$1751
Name _JobService: Profile!$A$1789
Name _JSONSchemaFile: Profile!$A$1275
Name _Location: Profile!$A$2159
Name _LogEntry: Profile!$A$695
Name _LogService: Profile!$A$726
Name _MaintenanceWindow: Profile!$A$1816
Name _Manager: Profile!$A$1011
Name _ManagerAccount: Profile!$A$3241
Name _ManagerNetworkProtocol: Profile!$A$1470
Name _Memory: Profile!#REF!
Name _MemoryChunks: Profile!$A$263
Name _MemoryDomain: Profile!$A$264
Name _MemoryMetrics_1: Profile!$A$265
Name _Message: Profile!$A$1291
Name _MessageRegistry: Profile!$A$1305
Name _MessageRegistryFile: Profile!$A$1316
Name _MetricDefinition: Profile!$A$747
Name _MetricReport: Profile!$A$793
Name _MetricReportDefinition: Profile!$A$811
Name _NetworkAdapter_1: Profile!$A$2809
Name _NetworkDeviceFunction: Profile!$A$1538
Name _NetworkInterface: Profile!$A$1623
Name _NetworkPort: Profile!$A$1643
Name _OperationApplyTimeSupport: Profile!$A$1826
Name _PCIeDevice: Profile!$A$2864
Name _PCIeFunction: Profile!$A$300
Name _PCIeSlots: Profile!$A$2895
Name _Port: Profile!$A$1685
Name _Power_1: Profile!$A$2920
Name _PreferredApplyTime: Profile!$A$1839
Name _PrivilegeRegistry: Profile!$A$3261
Name _Processor: Profile!$A$336
Name _Redundancy: Profile!$A$1851
Name _Ref534807854: Profile!#REF!
Name _Ref534808450: Profile!$A$266
Name _Ref534808663: Profile!$A$301
Name _Ref534808775: Profile!$A$337
Name _Ref534809695: Profile!$A$417
Name _Ref534811760: Profile!$A$22

Sheet Instructions
A2: Copy and paste entire Word Doc Resource Tables sections starting at Cell A3
A3: Select Profile (Red Box)
A4: Copy Combined colum into Word Doc below the profile metadata
B5: Substitutions
C6: <tab> with ^t
C7: <cr> with ^p
C8: ^p^p with ^p (many times)
A9: Clean up

Sheet Profile
AQ1: Change Log - V3.x | AR1: Change Log - V3.x | AS1: Change Log - V2.x | AT1: Change Log - v2.1 | AU1: Change Log - V2
A2: PASTE red outlined box to opaf_sm_dump.txt for profile json generation | I2: V1 | J2: V2 | K2: V3 | L2: OPCUA | AM2: 1000 | AN2: 1300 | AO2: 1600 | AP2: CRQ Increment
A3: ProfileName | C3: OSM-Redfish | E3: OSM-RedfishBMC | G3: OSM-RedfishDCN | I3: Y | J3: Y | K3: Y | L3: OSM-OPC-UA | M3: Special Reqs | Z3: Category | AA3: Parent | AB3: Type | AC3: Permissions | AD3: LongDescription | AE3: Nullable | AF3: Constraints | AG3: AutoExpand | AH3: Reference | AI3: ContainsTarget | AJ3: IsBound | AK3: Singular | AL3: Units | AP3: 4 | AV3: =IF(A3<>"",IF(T3<>"",IF(LEFT(R3,3)="Has",IF(TRIM(A3)<>T3,"ERROR","OK"),""),""),"")
A4: ProfilePurpose | B4: These are the purpose descriptions that will go into each profile doc | C4: Specifies the management requirements for the Redfish profile on O-PAS compliant platforms without a BMC. This profile is designed to run in the host operating system (in-band). | E4: Specifies the management requirements for the Redfish profile on O-PAS compliant platforms with a BMC. | G4: Specifies the management requirements for the Redfish profile on O-PAS compliant platforms with OperatingSystem and DistributedControlNode support. This profile is designed to run in the host operating system (in-band). | I4: Y | J4: Y | K4: Y | L4: Specifies the mapped resources and properties between the O-PAS Redfish profile superset and OPC UA. | AU4: A | AV4: =IF(A4<>"",IF(T4<>"",IF(LEFT(R4,3)="Has",IF(TRIM(A4)<>T4,"ERROR","OK"),""),""),"")
E5: n | AV5: =IF(A5<>"",IF(T5<>"",IF(LEFT(R5,3)="Has",IF(TRIM(A5)<>T5,"ERROR","OK"),""),""),"")
A6: 1.1.1.1 Bios | I6: Y | J6: Y | K6: Y | L6: NoMap | AV6: =IF(A6<>"",IF(T6<>"",IF(LEFT(R6,3)="Has",IF(TRIM(A6)<>T6,"ERROR","OK"),""),""),"")
A7: The BIOS AttributeRegistry describes the system-specific BIOS attributes and actions for changing the BIOS settings. Changes to the BIOS typically require a system reset before they take effect. | I7: Y | J7: Y | K7: Y | L7: NoMap | AV7: =IF(A7<>"",IF(T7<>"",IF(LEFT(R7,3)="Has",IF(TRIM(A7)<>T7,"ERROR","OK"),""),""),"")
A8: Table 9: O-PAS Profile Map for the Redfish Bios Resource | I8: Y | J8: Y | K8: Y | L8: NoMap | AA8: Resource | AB8: Version | AC8: Description | AV8: =IF(A8<>"",IF(T8<>"",IF(LEFT(R8,3)="Has",IF(TRIM(A8)<>T8,"ERROR","OK"),""),""),"")
A9: Bios (1.0.4) | C9: Profile | I9: Y | L9: NoMap | AA9: =LEFT($A9,FIND(" ",$A9)-1) -> Bios | AB9: =MID($A9,FIND("(",$A9)+1,LEN($A9)-FIND("(",$A9)-1) -> 1.0.4 | AC9: =A7 -> The BIOS AttributeRegistry describes the system-specific BIOS attributes and actions for changing the BIOS settings. Changes to the BIOS typically require a system reset before they take effect. | AV9: =IF(A9<>"",IF(T9<>"",IF(LEFT(R9,3)="Has",IF(TRIM(A9)<>T9,"ERROR","OK"),""),""),"")
C10: OSM-Redfish | E10: OSM-RedfishBMC | G10: OSM-RedfishDCN | I10: Y | L10: NoMap | AA10: Resource | AB10: Version | AC10: Description | AV10: =IF(A10<>"",IF(T10<>"",IF(LEFT(R10,3)="Has",IF(TRIM(A10)<>T10,"ERROR","OK"),""),""),"")
A11: Bios (1.0.6) | C11: Profile | J11: Y | K11: Y | L11: NoMap | AA11: =LEFT($A11,FIND(" ",$A11)-1) -> Bios | AB11: =MID($A11,FIND("(",$A11)+1,LEN($A11)-FIND("(",$A11)-1) -> 1.0.6 | AC11: =AC9 -> The BIOS AttributeRegistry describes the system-specific BIOS attributes and actions for changing the BIOS settings. Changes to the BIOS typically require a system reset before they take effect. | AV11: =IF(A11<>"",IF(T11<>"",IF(LEFT(R11,3)="Has",IF(TRIM(A11)<>T11,"ERROR","OK"),""),""),"")
C12: OSM-Redfish | E12: OSM-RedfishBMC | G12: OSM-RedfishDCN | J12: Y | K12: Y | L12: NoMap | AM12: =C12 -> OSM-Redfish | AN12: =E12 -> OSM-RedfishBMC | AO12: =G12 -> OSM-RedfishDCN | AV12: =IF(A12<>"",IF(T12<>"",IF(LEFT(R12,3)="Has",IF(TRIM(A12)<>T12,"ERROR","OK"),""),""),"")
A13: ResourceRequirement | E13: R | I13: Y | J13: Y | K13: Y | L13: NoMap | AM13: =IF(C13<>"","CRQ-P5-"&(AM$2+$AP13*$AP$3),"") | AN13: =IF(E13<>"","CRQ-P5-"&(AN$2+$AP13*$AP$3),"") -> CRQ-P5-1316 | AO13: =IF(G13<>"","CRQ-P5-"&(AO$2+$AP13*$AP$3),"") | AP13: 4 | AV13: =IF(A13<>"",IF(T13<>"",IF(LEFT(R13,3)="Has",IF(TRIM(A13)<>T13,"ERROR","OK"),""),""),"")
A14: Resource MinVersion | C14: =MID($A9,FIND("(",$A9)+1,5) -> 1.0.4 | E14: 1.0.2 | G14: =MID($A9,FIND("(",$A9)+1,5) -> 1.0.4 | I14: Y | J14: Y | K14: Y | L14: NoMap | AV14: =IF(A14<>"",IF(T14<>"",IF(LEFT(R14,3)="Has",IF(TRIM(A14)<>T14,"ERROR","OK"),""),""),"")
A15: Property | B15: Description | C15: Read | D15: Write | E15: Read | F15: Write | G15: Read | H15: Write | I15: Y | J15: Y | K15: Y | L15: NoMap | AV15: =IF(A15<>"",IF(T15<>"",IF(LEFT(R15,3)="Has",IF(TRIM(A15)<>T15,"ERROR","OK"),""),""),"")
A16: Actions | B16: The available actions for this resource. | E16: R | I16: Y | J16: Y | K16: Y | L16: NoMap | AV16: =IF(A16<>"",IF(T16<>"",IF(LEFT(R16,3)="Has",IF(TRIM(A16)<>T16,"ERROR","OK"),""),""),"")
A17: #Bios.ChangePassword | B17: This action is used to change the BIOS passwords. | E17: R | I17: Y | J17: Y | K17: Y | L17: NoMap | AV17: =IF(A17<>"",IF(T17<>"",IF(LEFT(R17,3)="Has",IF(TRIM(A17)<>T17,"ERROR","OK"),""),""),"")
A18: #Bios.ResetBios | B18: This action is used to reset the BIOS attributes to default. | E18: R | I18: Y | J18: Y | K18: Y | L18: NoMap | AV18: =IF(A18<>"",IF(T18<>"",IF(LEFT(R18,3)="Has",IF(TRIM(A18)<>T18,"ERROR","OK"),""),""),"")
A19: AttributeRegistry | B19: The Resource ID of the AttributeRegistry that has the system-specific information about a BIOS resource. | I19: Y | J19: Y | K19: Y | L19: NoMap | AV19: =IF(A19<>"",IF(T19<>"",IF(LEFT(R19,3)="Has",IF(TRIM(A19)<>T19,"ERROR","OK"),""),""),"")
A20: Attributes | B20: The list of BIOS attributes specific to the manufacturer or provider. | E20: M | I20: Y | J20: Y | K20: Y | L20: NoMap | AV20: =IF(A20<>"",IF(T20<>"",IF(LEFT(R20,3)="Has",IF(TRIM(A20)<>T20,"ERROR","OK"),""),""),"")
A21: Bios URIs | I21: Y | J21: Y | K21: Y | L21: NoMap | AV21: =IF(A21<>"",IF(T21<>"",IF(LEFT(R21,3)="Has",IF(TRIM(A21)<>T21,"ERROR","OK"),""),""),"")
A22: /redfish/v1/Systems/{ComputerSystemId}/Bios | I22: Y | J22: Y | K22: Y | L22: NoMap | AV22: =IF(A22<>"",IF(T22<>"",IF(LEFT(R22,3)="Has",IF(TRIM(A22)<>T22,"ERROR","OK"),""),""),"")
AV23: =IF(A23<>"",IF(T23<>"",IF(LEFT(R23,3)="Has",IF(TRIM(A23)<>T23,"ERROR","OK"),""),""),"")
A24: 1.1.1.2 BootOption | I24: Y | J24: Y | K24: Y | AV24: =IF(A24<>"",IF(T24<>"",IF(LEFT(R24,3)="Has",IF(TRIM(A24)<>T24,"ERROR","OK"),""),""),"")
A25: The BootOption resource represents the properties of a bootable device available in the system. | I25: Y | J25: Y | K25: Y | AV25: =IF(A25<>"",IF(T25<>"",IF(LEFT(R25,3)="Has",IF(TRIM(A25)<>T25,"ERROR","OK"),""),""),"")
A26: BootOption is not used in O-PAS system management profiles. | I26: Y | J26: Y | K26: Y | AV26: =IF(A26<>"",IF(T26<>"",IF(LEFT(R26,3)="Has",IF(TRIM(A26)<>T26,"ERROR","OK"),""),""),"")
AV27: =IF(A27<>"",IF(T27<>"",IF(LEFT(R27,3)="Has",IF(TRIM(A27)<>T27,"ERROR","OK"),""),""),"")
A28: 1.1.1.3 ComputerSystemCollection | I28: Y | J28: Y | K28: Y | AV28: =IF(A28<>"",IF(T28<>"",IF(LEFT(R28,3)="Has",IF(TRIM(A28)<>T28,"ERROR","OK"),""),""),"")
A29: A ComputerSystemCollection is a collection of ComputerSystem Resources | I29: Y | J29: Y | K29: Y | AV29: =IF(A29<>"",IF(T29<>"",IF(LEFT(R29,3)="Has",IF(TRIM(A29)<>T29,"ERROR","OK"),""),""),"")
A30: Table 10: O-PAS Profile Map for the Redfish ComputerSystemCollection Resource | I30: Y | J30: Y | K30: Y | AA30: Resource | AB30: Version | AC30: Description | AV30: =IF(A30<>"",IF(T30<>"",IF(LEFT(R30,3)="Has",IF(TRIM(A30)<>T30,"ERROR","OK"),""),""),"")
A31: ComputerSystemCollection () | C31: Profile | I31: Y | J31: Y | K31: Y | AA31: =LEFT($A31,FIND(" ",$A31)-1) -> ComputerSystemCollection | AB31: =MID($A31,FIND("(",$A31)+1,LEN($A31)-FIND("(",$A31)-1) | AC31: =A29 -> A ComputerSystemCollection is a collection of ComputerSystem Resources | AV31: =IF(A31<>"",IF(T31<>"",IF(LEFT(R31,3)="Has",IF(TRIM(A31)<>T31,"ERROR","OK"),""),""),"")
C32: OSM-Redfish | E32: OSM-RedfishBMC | G32: OSM-RedfishDCN | I32: Y | J32: Y | K32: Y | AV32: =IF(A32<>"",IF(T32<>"",IF(LEFT(R32,3)="Has",IF(TRIM(A32)<>T32,"ERROR","OK"),""),""),"")
A33: ResourceRequirement | C33: M | E33: M | G33: M | I33: Y | J33: Y | K33: Y | M33: MinCount1 | AV33: =IF(A33<>"",IF(T33<>"",IF(LEFT(R33,3)="Has",IF(TRIM(A33)<>T33,"ERROR","OK"),""),""),"")
A34: Property | B34: Description | C34: Read | D34: Write | E34: Read | F34: Write | G34: Read | H34: Write | I34: Y | J34: Y | K34: Y | AV34: =IF(A34<>"",IF(T34<>"",IF(LEFT(R34,3)="Has",IF(TRIM(A34)<>T34,"ERROR","OK"),""),""),"")
A35: Members | B35: Collection of ComputerSystems associated with this system. Contains a link to a resource. | I35: Y | J35: Y | K35: Y | AV35: =IF(A35<>"",IF(T35<>"",IF(LEFT(R35,3)="Has",IF(TRIM(A35)<>T35,"ERROR","OK"),""),""),"")
A36: @odata.id | B36: A link to the collection of ComputerSystems | I36: Y | J36: Y | K36: Y | AV36: =IF(A36<>"",IF(T36<>"",IF(LEFT(R36,3)="Has",IF(TRIM(A36)<>T36,"ERROR","OK"),""),""),"")
A37: ComputerSystemCollection URIs | I37: Y | J37: Y | K37: Y | AV37: =IF(A37<>"",IF(T37<>"",IF(LEFT(R37,3)="Has",IF(TRIM(A37)<>T37,"ERROR","OK"),""),""),"")
A38: /redfish/v1/Systems | I38: Y | J38: Y | K38: Y | AV38: =IF(A38<>"",IF(T38<>"",IF(LEFT(R38,3)="Has",IF(TRIM(A38)<>T38,"ERROR","OK"),""),""),"")
AV39: =IF(A39<>"",IF(T39<>"",IF(LEFT(R39,3)="Has",IF(TRIM(A39)<>T39,"ERROR","OK"),""),""),"")
A40: 1.1.1.3 ComputerSystem | I40: Y | J40: Y | K40: Y | AV40: =IF(A40<>"",IF(T40<>"",IF(LEFT(R40,3)="Has",IF(TRIM(A40)<>T40,"ERROR","OK"),""),""),"")
A41: A ComputerSystem represents a machine (physical or virtual) and the local resources such as memory, CPU, and other devices that can be accessed from that machine. | I41: Y | J41: Y | K41: Y | AV41: =IF(A41<>"",IF(T41<>"",IF(LEFT(R41,3)="Has",IF(TRIM(A41)<>T41,"ERROR","OK"),""),""),"")
A42: Table 10: O-PAS Profile Map for the Redfish ComputerSystem Resource | I42: Y | J42: Y | K42: Y | AA42: Resource | AB42: Version | AC42: Description | AV42: =IF(A42<>"",IF(T42<>"",IF(LEFT(R42,3)="Has",IF(TRIM(A42)<>T42,"ERROR","OK"),""),""),"")
A43: ComputerSystem (1.5.1) | C43: Profile | I43: Y | L43: OPCUA | R43: Attribute | S43: Value | AA43: =LEFT($A43,FIND(" ",$A43)-1) -> ComputerSystem | AB43: =MID($A43,FIND("(",$A43)+1,LEN($A43)-FIND("(",$A43)-1) -> 1.5.1 | AC43: =A41 -> A ComputerSystem represents a machine (physical or virtual) and the local resources such as memory, CPU, and other devices that can be accessed from that machine. | AV43: =IF(A43<>"",IF(T43<>"",IF(LEFT(R43,3)="Has",IF(TRIM(A43)<>T43,"ERROR","OK"),""),""),"")
C44: OSM-Redfish | E44: OSM-RedfishBMC | G44: OSM-RedfishDCN | I44: Y | L44: OPCUA | R44: BrowseName | S44: RedfishComputerSystemResourceType | AA44: Resource | AB44: Version | AC44: Description | AV44: =IF(A44<>"",IF(T44<>"",IF(LEFT(R44,3)="Has",IF(TRIM(A44)<>T44,"ERROR","OK"),""),""),"")
A45: ComputerSystem (1.7.0) | C45: Profile | J45: Y | K45: Y | L45: OPCUA | R45: IsAbstract | S45: FALSE | AA45: =LEFT($A45,FIND(" ",$A45)-1) -> ComputerSystem | AB45: =MID($A45,FIND("(",$A45)+1,LEN($A45)-FIND("(",$A45)-1) -> 1.7.0 | AC45: =AC43 -> A ComputerSystem represents a machine (physical or virtual) and the local resources such as memory, CPU, and other devices that can be accessed from that machine. | AV45: =IF(A45<>"",IF(T45<>"",IF(LEFT(R45,3)="Has",IF(TRIM(A45)<>T45,"ERROR","OK"),""),""),"")
C46: OSM-Redfish | E46: OSM-RedfishBMC | G46: OSM-RedfishDCN | J46: Y | K46: Y | AM46: =C46 -> OSM-Redfish | AN46: =E46 -> OSM-RedfishBMC | AO46: =G46 -> OSM-RedfishDCN | AV46: =IF(A46<>"",IF(T46<>"",IF(LEFT(R46,3)="Has",IF(TRIM(A46)<>T46,"ERROR","OK"),""),""),"")
A47: ResourceRequirement | C47: M | E47: M | G47: M | I47: Y | J47: Y | K47: Y | AM47: =IF(C47<>"","CRQ-P5-"&(AM$2+$AP47*$AP$3),"") -> CRQ-P5-1036 | AN47: =IF(E47<>"","CRQ-P5-"&(AN$2+$AP47*$AP$3),"") -> CRQ-P5-1336 | AO47: =IF(G47<>"","CRQ-P5-"&(AO$2+$AP47*$AP$3),"") -> CRQ-P5-1636 | AP47: 9 | AV47: =IF(A47<>"",IF(T47<>"",IF(LEFT(R47,3)="Has",IF(TRIM(A47)<>T47,"ERROR","OK"),""),""),"")
A48: Resource MinVersion | C48: =MID($A43,FIND("(",$A43)+1,5) -> 1.5.1 | E48: 1.4.0 | G48: =MID($A43,FIND("(",$A43)+1,5) -> 1.5.1 | I48: Y | J48: Y | K48: Y | L48: OPCUA | R48: Reference | S48: Node Class | T48: BrowseName | U48: DataType | V48: TypeDefinition | W48: ModelingRule | X48: RW | Y48: Parent Type | AV48: =IF(A48<>"",IF(T48<>"",IF(LEFT(R48,3)="Has",IF(TRIM(A48)<>T48,"ERROR","OK"),""),""),"")
A49: Property | B49: Description | C49: Read | D49: Write | E49: Read | F49: Write | G49: Read | H49: Write | I49: Y | J49: Y | K49: Y | L49: OPCUA | R49: Subtype of RedfishResourceType defined in the O-PAS Standard, Version 2.0, Part 5 – System Management | AV49: =IF(A49<>"",IF(T49<>"",IF(LEFT(R49,3)="Has",IF(TRIM(A49)<>T49,"ERROR","OK"),""),""),"")
A50: Actions | B50: The available actions for this resource. | C50: R | E50: M | G50: R | I50: Y | J50: Y | K50: Y | AS50: 9/19/23 - Issue 20 - Make Complex Property requirement explicit | AV50: =IF(A50<>"",IF(T50<>"",IF(LEFT(R50,3)="Has",IF(TRIM(A50)<>T50,"ERROR","OK"),""),""),"")
A51: #ComputerSystem.Reset | B51: This action is used to reset the system. | C51: R | E51: M | G51: R | I51: Y | J51: Y | K51: Y | L51: NoMap | AV51: =IF(A51<>"",IF(T51<>"",IF(LEFT(R51,3)="Has",IF(TRIM(A51)<>T51,"ERROR","OK"),""),""),"")
A52: #ComputerSystem.SetDefaultBootOrder | B52: This action is used to set the BootOrder to the default settings. | I52: Y | J52: Y | K52: Y | AV52: =IF(A52<>"",IF(T52<>"",IF(LEFT(R52,3)="Has",IF(TRIM(A52)<>T52,"ERROR","OK"),""),""),"")
A53: AssetTag | B53: The user-definable tag that can be used to track this ComputerSystem for inventory or other client purposes. | C53: R | D53: R | E53: R | F53: R | G53: R | H53: R | I53: Y | J53: Y | K53: Y | L53: OPCUA | R53: HasProperty | S53: Property | T53: AssetTag | U53: string | V53: PropertyType | W53: Optional | X53: R | AV53: =IF(A53<>"",IF(T53<>"",IF(LEFT(R53,3)="Has",IF(TRIM(A53)<>T53,"ERROR","OK"),""),""),"") -> OK
A54: Bios | B54: The BIOS settings associated with this system. | E54: R | I54: Y | J54: Y | K54: Y | AV54: =IF(A54<>"",IF(T54<>"",IF(LEFT(R54,3)="Has",IF(TRIM(A54)<>T54,"ERROR","OK"),""),""),"")
A55: @odata.id | B55: A link to a BIOS resource. | I55: Y | J55: Y | K55: Y | AV55: =IF(A55<>"",IF(T55<>"",IF(LEFT(R55,3)="Has",IF(TRIM(A55)<>T55,"ERROR","OK"),""),""),"")
A56: BiosVersion | B56: The version of the system BIOS or primary system firmware. | C56: R | E56: M | G56: R | I56: Y | J56: Y | K56: Y | L56: OPCUA | R56: HasProperty | S56: Property | T56: BiosVersion | U56: string | V56: PropertyType | W56: Optional | X56: R | AV56: =IF(A56<>"",IF(T56<>"",IF(LEFT(R56,3)="Has",IF(TRIM(A56)<>T56,"ERROR","OK"),""),""),"") -> OK
A57: Boot | B57: Information about the boot settings for this system. | C57: R | E57: M | G57: R | I57: Y | J57: Y | K57: Y | AS57: 9/11/23 - Issue 20 - Make Complex Property requirement explicit | AV57: =IF(A57<>"",IF(T57<>"",IF(LEFT(R57,3)="Has",IF(TRIM(A57)<>T57,"ERROR","OK"),""),""),"")
A58: BootNext | B58: This property is the BootOptionReference of the BootOption to perform a one-time boot from when BootSourceOverrideTarget is UefiBootNext. | I58: Y | J58: Y | K58: Y | AV58: =IF(A58<>"",IF(T58<>"",IF(LEFT(R58,3)="Has",IF(TRIM(A58)<>T58,"ERROR","OK"),""),""),"")
A59: BootOptions | B59: Collection of the UEFI boot options associated with this ComputerSystem. | I59: Y | J59: Y | K59: Y | AV59: =IF(A59<>"",IF(T59<>"",IF(LEFT(R59,3)="Has",IF(TRIM(A59)<>T59,"ERROR","OK"),""),""),"")
A60: @odata.id | B60: A link to the collection of BootOptions. | I60: Y | J60: Y | K60: Y | AV60: =IF(A60<>"",IF(T60<>"",IF(LEFT(R60,3)="Has",IF(TRIM(A60)<>T60,"ERROR","OK"),""),""),"")
A61: BootOrder | B61: Ordered array of BootOptionReference strings representing the persistent boot order associated with this ComputerSystem. | C61: R | D61: R | E61: R | F61: R | G61: R | H61: R | I61: Y | J61: Y | K61: Y | AV61: =IF(A61<>"",IF(T61<>"",IF(LEFT(R61,3)="Has",IF(TRIM(A61)<>T61,"ERROR","OK"),""),""),"")
A62: BootOrderPropertySelection | B62: Choice of which boot order property to use when specifying the boot order. | C62: R | D62: R | E62: R | F62: R | G62: R | H62: R | J62: Y | K62: Y | AV62: =IF(A62<>"",IF(T62<>"",IF(LEFT(R62,3)="Has",IF(TRIM(A62)<>T62,"ERROR","OK"),""),""),"")
A63: BootSourceOverrideEnabled | B63: Describes the state of the BootSourceOverride resource. | C63: R | D63: R | E63: M | F63: M | G63: R | H63: R | I63: Y | J63: Y | K63: Y | AV63: =IF(A63<>"",IF(T63<>"",IF(LEFT(R63,3)="Has",IF(TRIM(A63)<>T63,"ERROR","OK"),""),""),"")
A64: BootSourceOverrideMode | B64: The BIOS boot mode (either legacy or UEFI) to be used when BootSourceOverrideTarget boot source is booted from. | C64: R | D64: R | E64: M | F64: M | G64: R | H64: R | I64: Y | J64: Y | K64: Y | AV64: =IF(A64<>"",IF(T64<>"",IF(LEFT(R64,3)="Has",IF(TRIM(A64)<>T64,"ERROR","OK"),""),""),"")
A65: BootSourceOverrideTarget | B65: The current boot source to be used at next boot instead of the normal boot device, if BootSourceOverrideEnabled is true. | C65: R | D65: R | E65: M | F65: M | G65: R | H65: R | I65: Y | J65: Y | K65: Y | AV65: =IF(A65<>"",IF(T65<>"",IF(LEFT(R65,3)="Has",IF(TRIM(A65)<>T65,"ERROR","OK"),""),""),"")
A66: UefiTargetBootSourceOverride | B66: This property is the UEFI device path of the device to boot from when BootSourceOverrideTarget is UefiTarget. | C66: R | D66: R | E66: I | F66: I | G66: R | H66: R | I66: Y | J66: Y | K66: Y | AV66: =IF(A66<>"",IF(T66<>"",IF(LEFT(R66,3)="Has",IF(TRIM(A66)<>T66,"ERROR","OK"),""),""),"")
A67: Certificates | B67: Collection of certificates used for booting via HTTPS by this ComputerSystem. | E67: I | F67: I | J67: Y | K67: Y | AV67: =IF(A67<>"",IF(T67<>"",IF(LEFT(R67,3)="Has",IF(TRIM(A67)<>T67,"ERROR","OK"),""),""),"")
A68: @odata.id | B68: A link to the collection of EthernetInterfaces. | J68: Y | K68: Y | AV68: =IF(A68<>"",IF(T68<>"",IF(LEFT(R68,3)="Has",IF(TRIM(A68)<>T68,"ERROR","OK"),""),""),"")
A69: EthernetInterfaces | B69: Collection of EthernetInterfaces associated with this system. | C69: M | E69: M | G69: M | I69: Y | J69: Y | K69: Y | AV69: =IF(A69<>"",IF(T69<>"",IF(LEFT(R69,3)="Has",IF(TRIM(A69)<>T69,"ERROR","OK"),""),""),"")
A70: @odata.id | B70: A link to the collection of EthernetInterfaces. | I70: Y | J70: Y | K70: Y | AV70: =IF(A70<>"",IF(T70<>"",IF(LEFT(R70,3)="Has",IF(TRIM(A70)<>T70,"ERROR","OK"),""),""),"")
A71: HostedServices | B71: The services that this ComputerSystem supports. | G71: M | I71: Y | J71: Y | K71: Y | L71: OPCUA | R71: HasComponent | S71: Object | T71: HostedServices | V71: RedfishHostedServicesType | W71: Optional | X71: R | AV71: =IF(A71<>"",IF(T71<>"",IF(LEFT(R71,3)="Has",IF(TRIM(A71)<>T71,"ERROR","OK"),""),""),"") -> OK
A72: Oem | B72: Optional OEM proprietary extension. | I72: Y | J72: Y | K72: Y | AV72: =IF(A72<>"",IF(T72<>"",IF(LEFT(R72,3)="Has",IF(TRIM(A72)<>T72,"ERROR","OK"),""),""),"")
A73: StorageServices | B73: Collection of storage services supported by this ComputerSystem. | I73: Y | J73: Y | K73: Y | AV73: =IF(A73<>"",IF(T73<>"",IF(LEFT(R73,3)="Has",IF(TRIM(A73)<>T73,"ERROR","OK"),""),""),"")
A74: DistributedControlNodeServices | B74: The link to OPAF DistributedControlNode (DCN) that this computer system supports. | G74: M | J74: Y | K74: Y | L74: OPCUA | Q74: RedfishHostedServicesType | R74: HasComponent | S74: Object | T74: DistributedControlNodeServices | V74: RedfishDistributedControlNodeResourceType | W74: Optional | X74: R | AV74: =IF(A74<>"",IF(T74<>"",IF(LEFT(R74,3)="Has",IF(TRIM(A74)<>T74,"ERROR","OK"),""),""),"") -> OK
A75: @odata.id | B75: The unique identifier for a resource. | J75: Y | K75: Y | AV75: =IF(A75<>"",IF(T75<>"",IF(LEFT(R75,3)="Has",IF(TRIM(A75)<>T75,"ERROR","OK"),""),""),"")
A76: HostingRoles | B76: The hosting roles that this ComputerSystem supports. The enumerations of hosting roles specify different resources that the hosting ComputerSystem supports. For an O-PAS DCN, it is recommended to include "DistributedControlNode" and/or "ApplicationServer". | C76: R | G76: R | J76: Y | K76: Y | L76: OPCUA | R76: HasProperty | S76: Property | T76: HostingRoles | U76: string | V76: PropertyType | W76: Optional | X76: R | AV76: =IF(A76<>"",IF(T76<>"",IF(LEFT(R76,3)="Has",IF(TRIM(A76)<>T76,"ERROR","OK"),""),""),"") -> OK
A77: HostName | B77: The DNS host name, without any domain information. | C77: R | D77: R | E77: R | F77: R | G77: R | H77: R | I77: Y | J77: Y | K77: Y | L77: OPCUA | R77: HasProperty | S77: Property | T77: HostName | U77: string | V77: PropertyType | W77: Optional | X77: R | AV77: =IF(A77<>"",IF(T77<>"",IF(LEFT(R77,3)="Has",IF(TRIM(A77)<>T77,"ERROR","OK"),""),""),"") -> OK
A78: HostWatchdogTimer | B78: This object describes the HostWatchdogTimer functionality for this system. | I78: Y | J78: Y | K78: Y | AV78: =IF(A78<>"",IF(T78<>"",IF(LEFT(R78,3)="Has",IF(TRIM(A78)<>T78,"ERROR","OK"),""),""),"")
A79: FunctionEnabled | B79: Indicates if the HostWatchdogTimer functionality has been enabled. Additional host-based software is necessary to activate the timer function. | I79: Y | J79: Y | K79: Y | AV79: =IF(A79<>"",IF(T79<>"",IF(LEFT(R79,3)="Has",IF(TRIM(A79)<>T79,"ERROR","OK"),""),""),"")
A80: Oem | B80: Optional OEM proprietary extension. | I80: Y | J80: Y | K80: Y | AV80: =IF(A80<>"",IF(T80<>"",IF(LEFT(R80,3)="Has",IF(TRIM(A80)<>T80,"ERROR","OK"),""),""),"")
A81: Status | B81: Health and health rollup summary status. | I81: Y | J81: Y | K81: Y | AS81: 6/27/23 - Profiles Issue #11 resolution. Left blank because originally blank | AV81: =IF(A81<>"",IF(T81<>"",IF(LEFT(R81,3)="Has",IF(TRIM(A81)<>T81,"ERROR","OK"),""),""),"")
A82: Health | B82: The health state of this resource in the absence of its dependent resources. | I82: Y | J82: Y | K82: Y | AS82: 6/27/23 - Profiles Issue #11 resolution. Left blank because originally blank
A83: HealthRollup | B83: The overall health state from the view of this resource. | I83: Y | J83: Y | K83: Y | AS83: 6/27/23 - Profiles Issue #11 resolution. Left blank because originally blank
A84: TimeoutAction | B84: This property indicates the action to perform when the watchdog timer reaches its timeout value. | I84: Y | J84: Y | K84: Y | AV84: =IF(A84<>"",IF(T84<>"",IF(LEFT(R84,3)="Has",IF(TRIM(A84)<>T84,"ERROR","OK"),""),""),"")
A85: WarningAction | B85: This property indicates the action to perform when the watchdog timer is close (typically 3 to 10 seconds) to reaching its timeout value. | I85: Y | J85: Y | K85: Y | AV85: =IF(A85<>"",IF(T85<>"",IF(LEFT(R85,3)="Has",IF(TRIM(A85)<>T85,"ERROR","OK"),""),""),"")
A86: IndicatorLED | B86: The state of the indicator LED, which identifies the system. For the possible property values, see IndicatorLED in Property details. Deprecated in v1.13 and later. This property has been deprecated in favor of the LocationIndicatorActive property. | C86: R | D86: R | E86: R | F86: R | G86: R | H86: R | I86: Y | J86: Y | K86: Y | M86: ReplacedBy:LocationIndicatorActive | AS86: 8/28/23 - Deprecated in v1.13, replaced by LocationIndicatorActive | AV86: =IF(A86<>"",IF(T86<>"",IF(LEFT(R86,3)="Has",IF(TRIM(A86)<>T86,"ERROR","OK"),""),""),"")
A87: LocationIndicatorActive | B87: An indicator allowing an operator to physically locate this resource. | C87: R | D87: R | E87: R | F87: R | G87: R | H87: R | J87: Y | K87: Y | M87: Replaces:IndicatorLED | AS87: 8/28/23 - Added in v1.13, replaces IndicatorLED | AV87: =IF(A87<>"",IF(T87<>"",IF(LEFT(R87,3)="Has",IF(TRIM(A87)<>T87,"ERROR","OK"),""),""),"")
A88: Links | B88: Contains references to other resources that are related to this resource. | C88: M | E88: M | G88: M | I88: Y | J88: Y | K88: Y | AS88: 9/11/23 - Issue 20 - Make Complex Property requirement explicit | AV88: =IF(A88<>"",IF(T88<>"",IF(LEFT(R88,3)="Has",IF(TRIM(A88)<>T88,"ERROR","OK"),""),""),"")
A89: Chassis | B89: An array of references to the chassis in which this system is contained. | C89: M | E89: M | G89: M | I89: Y | J89: Y | K89: Y | AV89: =IF(A89<>"",IF(T89<>"",IF(LEFT(R89,3)="Has",IF(TRIM(A89)<>T89,"ERROR","OK"),""),""),"")
A90: @odata.id | B90: A link to a Chassis resource. | I90: Y | J90: Y | K90: Y | AV90: =IF(A90<>"",IF(T90<>"",IF(LEFT(R90,3)="Has",IF(TRIM(A90)<>T90,"ERROR","OK"),""),""),"")
A91: ConsumingComputerSystems | B91: An array of references to ComputerSystems that are realized, in whole or in part, from this ComputerSystem. | I91: Y | J91: Y | K91: Y | AV91: =IF(A91<>"",IF(T91<>"",IF(LEFT(R91,3)="Has",IF(TRIM(A91)<>T91,"ERROR","OK"),""),""),"")
A92: @odata.id | B92: A link to another ComputerSystem resource. | I92: Y | J92: Y | K92: Y | AV92: =IF(A92<>"",IF(T92<>"",IF(LEFT(R92,3)="Has",IF(TRIM(A92)<>T92,"ERROR","OK"),""),""),"")
A93: CooledBy | B93: A list of ID(s) of resources that cool this ComputerSystem. Normally the ID will be a chassis or a specific set of fans. | I93: Y | J93: Y | K93: Y | AV93: =IF(A93<>"",IF(T93<>"",IF(LEFT(R93,3)="Has",IF(TRIM(A93)<>T93,"ERROR","OK"),""),""),"")
A94: @odata.id | B94: The unique identifier for a resource. | I94: Y | J94: Y | K94: Y | AV94: =IF(A94<>"",IF(T94<>"",IF(LEFT(R94,3)="Has",IF(TRIM(A94)<>T94,"ERROR","OK"),""),""),"")
A95: Endpoints | B95: An array of references to the endpoints that connect to this system. | I95: Y | J95: Y | K95: Y | AV95: =IF(A95<>"",IF(T95<>"",IF(LEFT(R95,3)="Has",IF(TRIM(A95)<>T95,"ERROR","OK"),""),""),"")
A96: @odata.id | B96: A link to an Endpoints resource. | I96: Y | J96: Y | K96: Y | AV96: =IF(A96<>"",IF(T96<>"",IF(LEFT(R96,3)="Has",IF(TRIM(A96)<>T96,"ERROR","OK"),""),""),"")
A97: ManagedBy | B97: An array of references to the managers responsible for this system. | C97: M | E97: M | G97: M | I97: Y | J97: Y | K97: Y | AV97: =IF(A97<>"",IF(T97<>"",IF(LEFT(R97,3)="Has",IF(TRIM(A97)<>T97,"ERROR","OK"),""),""),"")
A98: @odata.id | B98: A link to a Manager resource. | I98: Y | J98: Y | K98: Y | AV98: =IF(A98<>"",IF(T98<>"",IF(LEFT(R98,3)="Has",IF(TRIM(A98)<>T98,"ERROR","OK"),""),""),"")
A99: Oem | B99: Optional OEM proprietary extension. | I99: Y | J99: Y | K99: Y | AV99: =IF(A99<>"",IF(T99<>"",IF(LEFT(R99,3)="Has",IF(TRIM(A99)<>T99,"ERROR","OK"),""),""),"")
A100: PoweredBy | B100: A list of ID(s) of resources that power this ComputerSystem. Normally the ID will be a chassis or a specific set of power supplies. | I100: Y | J100: Y | K100: Y | AV100: =IF(A100<>"",IF(T100<>"",IF(LEFT(R100,3)="Has",IF(TRIM(A100)<>T100,"ERROR","OK"),""),""),"")
...

Sheet Enum
A1: OSM-Redfish
A2: OSM-RedfishBMC
A3: OSM-RedfishDCN

Sheet Sheet1
A1: Accuracy number read-only
A2: (null)
A3: Estimated percent error of measured vs. actual values.
A4: Actions { object The available actions for this resource.
A5: #Sensor.ResetStatistics { }
A6: }
A7: object This action is used to reset statistics related to this sensor.
A8: For more information, see the Action Details section below.
A9: AdjustedMaxAllowableOperatingValue number read-only
A10: (null)
A11: Adjusted maximum allowable operating value for this equipment based on the current
A12: environmental conditions present.
... A195: See VoltageType in Property Details, below, for the possible values of this property.

Sheet Sheet2
A1: =ROW() -> 1 | B1: =Profile!A1 -> 0 | C1: =Profile!AP3 -> 4 | D1: =IF(Profile!C1="Profile",IF(Profile!A3="ResourceRequirement","OK","XXX"),"XXX") -> XXX | G1: 11 | H1: Bios (1.0.6) | I1: 4 | J1: OK
A2: =ROW() -> 2 | B2: =Profile!A2 -> PASTE red outlined box to opaf_sm_dump.txt for profile json generation | C2: =Profile!AP4 -> 0 | D2: =IF(Profile!C2="Profile",IF(Profile!A4="ResourceRequirement","OK","XXX"),"XXX") -> XXX | G2: 45 | H2: ComputerSystem (1.7.0) | I2: 9 | J2: OK
A3: =ROW() -> 3 | B3: =Profile!A3 -> ProfileName | C3: =Profile!AP5 -> 0 | D3: =IF(Profile!C3="Profile",IF(Profile!A5="ResourceRequirement","OK","XXX"),"XXX") -> XXX | G3: 168 | H3: Memory (1.7.1) | I3: 29 | J3: OK
A4: =ROW() -> 4 | B4: =Profile!A4 -> ProfilePurpose | C4: =Profile!AP6 -> 0 | D4: =IF(Profile!C4="Profile",IF(Profile!A6="ResourceRequirement","OK","XXX"),"XXX") -> XXX | G4: 271 | H4: MemoryMetrics (1.1.5) | I4: 30 | J4: OK
A5: =ROW() -> 5 | B5: =Profile!A5 -> 0 | C5: =Profile!AP7 -> 0 | D5: =IF(Profile!C5="Profile",IF(Profile!A7="ResourceRequirement","OK","XXX"),"XXX") -> XXX | G5: 305 | H5: PCIeFunction (1.2.2) | I5: 44 | J5: OK
A6: =ROW() -> 6 | B6: =Profile!A6 -> 1.1.1.1 Bios | C6: =Profile!AP8 -> 0 | D6: =IF(Profile!C6="Profile",IF(Profile!A8="ResourceRequirement","OK","XXX"),"XXX") -> XXX | G6: 342 | H6: Processor (1.5.0) | I6: 47 | J6: OK
A7: =ROW() -> 7 | B7: =Profile!A7 -> The BIOS AttributeRegistry describes the system-specific BIOS attributes and actions for changing the BIOS settings. Changes to the BIOS typically require a system reset before they take effect. | C7: =Profile!AP9 -> 0 | D7: =IF(Profile!C7="Profile",IF(Profile!A9="ResourceRequirement","OK","XXX"),"XXX") -> XXX | G7: 425 | H7: ProcessorMetrics (1.0.0) | I7: 48 | J7: OK
A8: =ROW() -> 8 | B8: =Profile!A8 -> Table 9: O-PAS Profile Map for the Redfish Bios Resource | C8: =Profile!AP10 -> 0 | D8: =IF(Profile!C8="Profile",IF(Profile!A10="ResourceRequirement","OK","XXX"),"XXX") -> XXX | G8: 472 | H8: SimpleStorage (1.2.2) | I8: 56 | J8: OK
A9: =ROW() -> 9 | B9: =Profile!A9 -> Bios (1.0.4) | C9: =Profile!AP11 -> 0 | D9: =IF(Profile!C9="Profile",IF(Profile!A11="ResourceRequirement","OK","XXX"),"XXX") -> XXX | G9: 500 | H9: Storage (1.7.0) | I9: 58 | J9: OK
A10: =ROW() -> 10 | B10: =Profile!A10 -> 0 | C10: =Profile!AP12 -> 0 | D10: =IF(Profile!C10="Profile",IF(Profile!A12="ResourceRequirement","OK","XXX"),"XXX") -> XXX | G10: 566 | H10: Volume (1.0.3) | I10: 67 | J10: OK
A11: =ROW() -> 11 | B11: =Profile!A11 -> Bios (1.0.6) | C11: =Profile!AP13 -> 4 | D11: =IF(Profile!C11="Profile",IF(Profile!A13="ResourceRequirement","OK","XXX"),"XXX") -> OK | G11: 628 | H11: EventDestination (1.5.0) | I11: 18 | J11: OK
A12: =ROW() -> 12 | B12: =Profile!A12 -> 0 | C12: =Profile!AP14 -> 0 | D12: =IF(Profile!C12="Profile",IF(Profile!A14="ResourceRequirement","OK","XXX"),"XXX") -> XXX | G12: 657 | H12: EventService (1.3.0) | I12: 19 | J12: OK
... A67: =ROW() -> 67 | B67: =Profile!A67 -> Certificates | C67: =Profile!AP69 -> 0 | D67: =IF(Profile!C67="Profile",IF(Profile!A69="ResourceRequirement","OK","XXX"),"XXX") -> XXX | G67: 3683 | H67: DCNNonOpasIOSubsystem (1.0.0) | I67: 13 | J67: OK
A68: =ROW() -> 68 | B68: =Profile!A68 -> @odata.id | C68: =Profile!AP70 -> 0 | D68: =IF(Profile!C68="Profile",IF(Profile!A70="ResourceRequirement","OK","XXX"),"XXX") -> XXX
A69: =ROW() -> 69 | B69: =Profile!A69 -> EthernetInterfaces | C69: =Profile!AP71 -> 0 | D69: =IF(Profile!C69="Profile",IF(Profile!A71="ResourceRequirement","OK","XXX"),"XXX") -> XXX
A70: =ROW() -> 70 | B70: =Profile!A70 -> @odata.id | C70: =Profile!AP72 -> 0 | D70: =IF(Profile!C70="Profile",IF(Profile!A72="ResourceRequirement","OK","XXX"),"XXX") -> XXX
A71: =ROW() -> 71 | B71: =Profile!A71 -> HostedServices | C71: =Profile!AP73 -> 0 | D71: =IF(Profile!C71="Profile",IF(Profile!A73="ResourceRequirement","OK","XXX"),"XXX") -> XXX
A72: =ROW() -> 72 | B72: =Profile!A72 -> Oem | C72: =Profile!AP74 -> 0 | D72: =IF(Profile!C72="Profile",IF(Profile!A74="ResourceRequirement","OK","XXX"),"XXX") -> XXX
A73: =ROW() -> 73 | B73: =Profile!A73 -> StorageServices | C73: =Profile!AP75 -> 0 | D73: =IF(Profile!C73="Profile",IF(Profile!A75="ResourceRequirement","OK","XXX"),"XXX") -> XXX
A74: =ROW() -> 74 | B74: =Profile!A74 -> DistributedControlNodeServices | C74: =Profile!AP76 -> 0 | D74: =IF(Profile!C74="Profile",IF(Profile!A76="ResourceRequirement","OK","XXX"),"XXX") -> XXX
A75: =ROW() -> 75 | B75: =Profile!A75 -> @odata.id | C75: =Profile!AP77 -> 0 | D75: =IF(Profile!C75="Profile",IF(Profile!A77="ResourceRequirement","OK","XXX"),"XXX") -> XXX
A76: =ROW() -> 76 | B76: =Profile!A76 -> HostingRoles | C76: =Profile!AP78 -> 0 | D76: =IF(Profile!C76="Profile",IF(Profile!A78="ResourceRequirement","OK","XXX"),"XXX") -> XXX
A77: =ROW() -> 77 | B77: =Profile!A77 -> HostName | C77: =Profile!AP79 -> 0 | D77: =IF(Profile!C77="Profile",IF(Profile!A79="ResourceRequirement","OK","XXX"),"XXX") -> XXX
A78: =ROW() -> 78 | B78: =Profile!A78 -> HostWatchdogTimer | C78: =Profile!AP80 -> 0 | D78: =IF(Profile!C78="Profile",IF(Profile!A80="ResourceRequirement","OK","XXX"),"XXX") -> XXX
A79: =ROW() -> 79 | B79: =Profile!A79 -> FunctionEnabled | C79: =Profile!AP81 -> 0 | D79: =IF(Profile!C79="Profile",IF(Profile!A81="ResourceRequirement","OK","XXX"),"XXX") -> XXX
A80: =ROW() -> 80 | B80: =Profile!A80 -> Oem | C80: =Profile!AP84 -> 0 | D80: =IF(Profile!C80="Profile",IF(Profile!A84="ResourceRequirement","OK","XXX"),"XXX") -> XXX
A81: =ROW() -> 81 | B81: =Profile!A81 -> Status | C81: =Profile!AP85 -> 0 | D81: =IF(Profile!C81="Profile",IF(Profile!A85="ResourceRequirement","OK","XXX"),"XXX") -> XXX
A82: =ROW() -> 82 | B82: =Profile!A84 -> TimeoutAction | C82: =Profile!AP87 -> 0 | D82: =IF(Profile!C84="Profile",IF(Profile!A87="ResourceRequirement","OK","XXX"),"XXX") -> XXX
A83: =ROW() -> 83 | B83: =Profile!A85 -> WarningAction | C83: =Profile!AP88 -> 0 | D83: =IF(Profile!C85="Profile",IF(Profile!A88="ResourceRequirement","OK","XXX"),"XXX") -> XXX
A84: =ROW() -> 84 | B84: =Profile!A87 -> LocationIndicatorActive | C84: =Profile!AP89 -> 0 | D84: =IF(Profile!C87="Profile",IF(Profile!A89="ResourceRequirement","OK","XXX"),"XXX") -> XXX
A85: =ROW() -> 85 | B85: =Profile!A88 -> Links | C85: =Profile!AP90 -> 0 | D85: =IF(Profile!C88="Profile",IF(Profile!A90="ResourceRequirement","OK","XXX"),"XXX") -> XXX
A86: =ROW() -> 86 | B86: =Profile!A89 -> Chassis | C86: =Profile!AP91 -> 0 | D86: =IF(Profile!C89="Profile",IF(Profile!A91="ResourceRequirement","OK","XXX"),"XXX") -> XXX
A87: =ROW() -> 87 | B87: =Profile!A90 -> @odata.id | C87: =Profile!AP92 -> 0 | D87: =IF(Profile!C90="Profile",IF(Profile!A92="ResourceRequirement","OK","XXX"),"XXX") -> XXX
A88: =ROW() -> 88 | B88: =Profile!A91 -> ConsumingComputerSystems | C88: =Profile!AP93 -> 0 | D88: =IF(Profile!C91="Profile",IF(Profile!A93="ResourceRequirement","OK","XXX"),"XXX") -> XXX
A89: =ROW() -> 89 | B89: =Profile!A92 -> @odata.id | C89: =Profile!AP94 -> 0 | D89: =IF(Profile!C92="Profile",IF(Profile!A94="ResourceRequirement","OK","XXX"),"XXX") -> XXX
A90: =ROW() -> 90 | B90: =Profile!A93 -> CooledBy | C90: =Profile!AP95 -> 0 | D90: =IF(Profile!C93="Profile",IF(Profile!A95="ResourceRequirement","OK","XXX"),"XXX") -> XXX
A91: =ROW() -> 91 | B91: =Profile!A94 -> @odata.id | C91: =Profile!AP96 -> 0 | D91: =IF(Profile!C94="Profile",IF(Profile!A96="ResourceRequirement","OK","XXX"),"XXX") -> XXX
A92: =ROW() -> 92 | B92: =Profile!A95 -> Endpoints | C92: =Profile!AP97 -> 0 | D92: =IF(Profile!C95="Profile",IF(Profile!A97="ResourceRequirement","OK","XXX"),"XXX") -> XXX
A93: =ROW() -> 93 | B93: =Profile!A96 -> @odata.id | C93: =Profile!AP98 -> 0 | D93: =IF(Profile!C96="Profile",IF(Profile!A98="ResourceRequirement","OK","XXX"),"XXX") -> XXX
A94: =ROW() -> 94 | B94: =Profile!A97 -> ManagedBy | C94: =Profile!AP99 -> 0 | D94: =IF(Profile!C97="Profile",IF(Profile!A99="ResourceRequirement","OK","XXX"),"XXX") -> XXX
A95: =ROW() -> 95 | B95: =Profile!A98 -> @odata.id | C95: =Profile!AP100 -> 0 | D95: =IF(Profile!C98="Profile",IF(Profile!A100="ResourceRequirement","OK","XXX"),"XXX") -> XXX
... A98: =ROW() -> 98 | B98: =Profile!A101 -> @odata.id | C98: =Profile!AP103 -> 0 | D98: =IF(Profile!C101="Profile",IF(Profile!A103="ResourceRequirement","OK","XXX"),"XXX") -> XXX
A99: =ROW() -> 99 | B99: =Profile!A102 -> ResourceBlocks | C99: =Profile!AP106 -> 0 | D99: =IF(Profile!C102="Profile",IF(Profile!A106="ResourceRequirement","OK","XXX"),"XXX") -> XXX
A100: =ROW() -> 100 | B100: =Profile!A103 -> @odata.id | C100: =Profile!AP107 -> 0 | D100: =IF(Profile!C103="Profile",IF(Profile!A107="ResourceRequirement","OK","XXX"),"XXX") -> XXX
A101: =ROW() -> 101 | B101: =Profile!A106 -> TrustedComponents | C101: =Profile!AP108 -> 0 | D101: =IF(Profile!C106="Profile",IF(Profile!A108="ResourceRequirement","OK","XXX"),"XXX") -> XXX
A102: =ROW() -> 102 | B102: =Profile!A107 -> @odata.id | C102: =Profile!AP109 -> 0 | D102: =IF(Profile!C107="Profile",IF(Profile!A109="ResourceRequirement","OK","XXX"),"XXX") -> XXX
A103: =ROW() -> 103 | B103: =Profile!A108 -> LogServices | C103: =Profile!AP110 -> 0 | D103: =IF(Profile!C108="Profile",IF(Profile!A110="ResourceRequirement","OK","XXX"),"XXX") -> XXX
A104: =ROW() -> 104 | B104: =Profile!A109 -> @odata.id | C104: =Profile!AP111 -> 0 | D104: =IF(Profile!C109="Profile",IF(Profile!A111="ResourceRequirement","OK","XXX"),"XXX") -> XXX
A105: =ROW() -> 105 | B105: =Profile!A110 -> Manufacturer | C105: =Profile!AP112 -> 0 | D105: =IF(Profile!C110="Profile",IF(Profile!A112="ResourceRequirement","OK","XXX"),"XXX") -> XXX
A106: =ROW() -> 106 | B106: =Profile!A111 -> Memory | C106: =Profile!AP113 -> 0 | D106: =IF(Profile!C111="Profile",IF(Profile!A113="ResourceRequirement","OK","XXX"),"XXX") -> XXX
A107: =ROW() -> 107 | B107: =Profile!A112 -> @odata.id | C107: =Profile!AP114 -> 0 | D107: =IF(Profile!C112="Profile",IF(Profile!A114="ResourceRequirement","OK","XXX"),"XXX") -> XXX
A108: =ROW() -> 108 | B108: =Profile!A113 -> MemoryDomains | C108: =Profile!AP115 -> 0 | D108: =IF(Profile!C113="Profile",IF(Profile!A115="ResourceRequirement","OK","XXX"),"XXX") -> XXX
A109: =ROW() -> 109 | B109: =Profile!A114 -> @odata.id | C109: =Profile!AP116 -> 0 | D109: =IF(Profile!C114="Profile",IF(Profile!A116="ResourceRequirement","OK","XXX"),"XXX") -> XXX
A110: =ROW() -> 110 | B110: =Profile!A115 -> MemorySummary | C110: =Profile!AP117 -> 0 | D110: =IF(Profile!C115="Profile",IF(Profile!A117="ResourceRequirement","OK","XXX"),"XXX") -> XXX
A111: =ROW() -> 111 | B111: =Profile!A116 -> MemoryMirroring | C111: =Profile!AP120 -> 0 | D111: =IF(Profile!C116="Profile",IF(Profile!A120="ResourceRequirement","OK","XXX"),"XXX") -> XXX
A112: =ROW() -> 112 | B112: =Profile!A117 -> Status | C112: =Profile!AP121 -> 0 | D112: =IF(Profile!C117="Profile",IF(Profile!A121="ResourceRequirement","OK","XXX"),"XXX") -> XXX
A113: =ROW() -> 113 | B113: =Profile!A120 -> TotalSystemMemoryGiB | C113: =Profile!AP122 -> 0 | D113: =IF(Profile!C120="Profile",IF(Profile!A122="ResourceRequirement","OK","XXX"),"XXX") -> XXX
A114: =ROW() -> 114 | B114: =Profile!A121 -> TotalSystemPersistentMemoryGiB | C114: =Profile!AP123 -> 0 | D114: =IF(Profile!C121="Profile",IF(Profile!A123="ResourceRequirement","OK","XXX"),"XXX") -> XXX
A115: =ROW() -> 115 | B115: =Profile!A122 -> Model | C115: =Profile!AP124 -> 0 | D115: =IF(Profile!C122="Profile",IF(Profile!A124="ResourceRequirement","OK","XXX"),"XXX") -> XXX
A116: =ROW() -> 116 | B116: =Profile!A123 -> NetworkInterfaces | C116: =Profile!AP125 -> 0 | D116: =IF(Profile!C123="Profile",IF(Profile!A125="ResourceRequirement","OK","XXX"),"XXX") -> XXX
A117: =ROW() -> 117 | B117: =Profile!A124 -> @odata.id | C117: =Profile!AP126 -> 0 | D117: =IF(Profile!C124="Profile",IF(Profile!A126="ResourceRequirement","OK","XXX"),"XXX") -> XXX
A118: =ROW() -> 118 | B118: =Profile!A125 -> PCIeDevices | C118: =Profile!AP127 -> 0 | D118: =IF(Profile!C125="Profile",IF(Profile!A127="ResourceRequirement","OK","XXX"),"XXX") -> XXX
A119: =ROW() -> 119 | B119: =Profile!A126 -> @odata.id | C119: =Profile!AP128 -> 0 | D119: =IF(Profile!C126="Profile",IF(Profile!A128="ResourceRequirement","OK","XXX"),"XXX") -> XXX
A120: =ROW() -> 120 | B120: =Profile!A127 -> PCIeFunctions | C120: =Profile!AP129 -> 0 | D120: =IF(Profile!C127="Profile",IF(Profile!A129="ResourceRequirement","OK","XXX"),"XXX") -> XXX
A121: =ROW() -> 121 | B121: =Profile!A128 -> @odata.id | C121: =Profile!AP130 -> 0 | D121: =IF(Profile!C128="Profile",IF(Profile!A130="ResourceRequirement","OK","XXX"),"XXX") -> XXX
A122: =ROW() -> 122 | B122: =Profile!A129 -> PowerRestorePolicy | C122: =Profile!AP131 -> 0 | D122: =IF(Profile!C129="Profile",IF(Profile!A131="ResourceRequirement","OK","XXX"),"XXX") -> XXX
A123: =ROW() -> 123 | B123: =Profile!A130 -> PowerState | C123: =Profile!AP132 -> 0 | D123: =IF(Profile!C130="Profile",IF(Profile!A132="ResourceRequirement","OK","XXX"),"XXX") -> XXX
A124: =ROW() -> 124 | B124: =Profile!A131 -> ProcessorSummary | C124: =Profile!AP133 -> 0 | D124: =IF(Profile!C131="Profile",IF(Profile!A133="ResourceRequirement","OK","XXX"),"XXX") -> XXX
... A128: =ROW() -> 128 | B128: =Profile!A135 -> Metrics | C128: =Profile!AP137 -> 0 | D128: =IF(Profile!C135="Profile",IF(Profile!A137="ResourceRequirement","OK","XXX"),"XXX") -> XXX
A129: =ROW() -> 129 | B129: =Profile!A136 -> @odata.id | C129: =Profile!AP140 -> 0 | D129: =IF(Profile!C136="Profile",IF(Profile!A140="ResourceRequirement","OK","XXX"),"XXX") -> XXX
A130: =ROW() -> 130 | B130: =Profile!A137 -> Status | C130: =Profile!AP141 -> 0 | D130: =IF(Profile!C137="Profile",IF(Profile!A141="ResourceRequirement","OK","XXX"),"XXX") -> XXX
A131: =ROW() -> 131 | B131: =Profile!A140 -> Processors | C131: =Profile!AP142 -> 0 | D131: =IF(Profile!C140="Profile",IF(Profile!A142="ResourceRequirement","OK","XXX"),"XXX") -> XXX
A132: =ROW() -> 132 | B132: =Profile!A141 -> @odata.id | C132: =Profile!AP143 -> 0 | D132: =IF(Profile!C141="Profile",IF(Profile!A143="ResourceRequirement","OK","XXX"),"XXX") -> XXX
A133: =ROW() -> 133 | B133: =Profile!A142 -> Redundancy | C133: =Profile!AP144 -> 0 | D133: =IF(Profile!C142="Profile",IF(Profile!A144="ResourceRequirement","OK","XXX"),"XXX") -> XXX
A134: =ROW() -> 134 | B134: =Profile!A143 -> @odata.id | C134: =Profile!AP145 -> 0 | D134: =IF(Profile!C143="Profile",IF(Profile!A145="ResourceRequirement","OK","XXX"),"XXX") -> XXX
A135: =ROW() -> 135 | B135: =Profile!A144 -> SKU | C135: =Profile!AP146 -> 0 | D135: =IF(Profile!C144="Profile",IF(Profile!A146="ResourceRequirement","OK","XXX"),"XXX") -> XXX
A136: =ROW() -> 136 | B136: =Profile!A145 -> SecureBoot | C136: =Profile!AP147 -> 0 | D136: =IF(Profile!C145="Profile",IF(Profile!A147="ResourceRequirement","OK","XXX"),"XXX") -> XXX
A137: =ROW() -> 137 | B137: =Profile!A146 -> @odata.id | C137: =Profile!AP148 -> 0 | D137: =IF(Profile!C146="Profile",IF(Profile!A148="ResourceRequirement","OK","XXX"),"XXX") -> XXX
A138: =ROW() -> 138 | B138: =Profile!A147 -> SerialNumber | C138: =Profile!AP149 -> 0 | D138: =IF(Profile!C147="Profile",IF(Profile!A149="ResourceRequirement","OK","XXX"),"XXX") -> XXX
A139: =ROW() -> 139 | B139: =Profile!A148 -> SimpleStorage | C139: =Profile!AP150 -> 0 | D139: =IF(Profile!C148="Profile",IF(Profile!A150="ResourceRequirement","OK","XXX"),"XXX") -> XXX
A140: =ROW() -> 140 | B140: =Profile!A149 -> @odata.id | C140: =Profile!AP153 -> 0 | D140: =IF(Profile!C149="Profile",IF(Profile!A153="ResourceRequirement","OK","XXX"),"XXX") -> XXX
A141: =ROW() -> 141 | B141: =Profile!A150 -> Status | C141: =Profile!AP154 -> 0 | D141: =IF(Profile!C150="Profile",IF(Profile!A154="ResourceRequirement","OK","XXX"),"XXX") -> XXX
A142: =ROW() -> 142 | B142: =Profile!A153 -> Storage | C142: =Profile!AP155 -> 0 | D142: =IF(Profile!C153="Profile",IF(Profile!A155="ResourceRequirement","OK","XXX"),"XXX") -> XXX
A143: =ROW() -> 143 | B143: =Profile!A154 -> @odata.id | C143: =Profile!AP156 -> 0 | D143: =IF(Profile!C154="Profile",IF(Profile!A156="ResourceRequirement","OK","XXX"),"XXX") -> XXX
A144: =ROW() -> 144 | B144: =Profile!A155 -> SubModel | C144: =Profile!AP157 -> 0 | D144: =IF(Profile!C155="Profile",IF(Profile!A157="ResourceRequirement","OK","XXX"),"XXX") -> XXX
A145: =ROW() -> 145 | B145: =Profile!A156 -> SystemType | C145: =Profile!AP158 -> 0 | D145: =IF(Profile!C156="Profile",IF(Profile!A158="ResourceRequirement","OK","XXX"),"XXX") -> XXX
A146: =ROW() -> 146 | B146: =Profile!A157 -> TrustedModules | C146: =Profile!AP159 -> 0 | D146: =IF(Profile!C157="Profile",IF(Profile!A159="ResourceRequirement","OK","XXX"),"XXX") -> XXX
A147: =ROW() -> 147 | B147: =Profile!A158 -> FirmwareVersion | C147: =Profile!AP160 -> 0 | D147: =IF(Profile!C158="Profile",IF(Profile!A160="ResourceRequirement","OK","XXX"),"XXX") -> XXX
A148: =ROW() -> 148 | B148: =Profile!A159 -> FirmwareVersion2 | C148: =Profile!AP161 -> 0 | D148: =IF(Profile!C159="Profile",IF(Profile!A161="ResourceRequirement","OK","XXX"),"XXX") -> XXX
A149: =ROW() -> 149 | B149: =Profile!A160 -> InterfaceType | C149: =Profile!AP162 -> 0 | D149: =IF(Profile!C160="Profile",IF(Profile!A162="ResourceRequirement","OK","XXX"),"XXX") -> XXX
A150: =ROW() -> 150 | B150: =Profile!A161 -> InterfaceTypeSelection | C150: =Profile!AP163 -> 0 | D150: =IF(Profile!C161="Profile",IF(Profile!A163="ResourceRequirement","OK","XXX"),"XXX") -> XXX
A151: =ROW() -> 151 | B151: =Profile!A162 -> Oem | C151: =Profile!AP166 -> 0 | D151: =IF(Profile!C162="Profile",IF(Profile!A166="ResourceRequirement","OK","XXX"),"XXX") -> XXX
A152: =ROW() -> 152 | B152: =Profile!A163 -> Status | C152: =Profile!AP167 -> 0 | D152: =IF(Profile!C163="Profile",IF(Profile!A167="ResourceRequirement","OK","XXX"),"XXX") -> XXX
A153: =ROW() -> 153 | B153: =Profile!A166 -> UUID | C153: =Profile!AP168 -> 0 | D153: =IF(Profile!C166="Profile",IF(Profile!A168="ResourceRequirement","OK","XXX"),"XXX") -> XXX
A154: =ROW() -> 154 | B154: =Profile!A167 -> OperatingSystem | C154: =Profile!AP169 -> 0 | D154: =IF(Profile!C167="Profile",IF(Profile!A169="ResourceRequirement","OK","XXX"),"XXX") -> XXX
A155: =ROW() -> 155 | B155: =Profile!A168 -> @odata.id | C155: =Profile!AP170 -> 0 | D155: =IF(Profile!C168="Profile",IF(Profile!A170="ResourceRequirement","OK","XXX"),"XXX") -> XXX
A156: =ROW() -> 156 | B156: =Profile!A169 -> ComputerSystem URIs | C156: =Profile!AP171 -> 0 | D156: =IF(Profile!C169="Profile",IF(Profile!A171="ResourceRequirement","OK","XXX"),"XXX") -> XXX
A157: =ROW() -> 157 | B157: =Profile!A170 -> /redfish/v1/Systems/{ComputerSystemId} | C157: =Profile!AP172 -> 0 | D157: =IF(Profile!C170="Profile",IF(Profile!A172="ResourceRequirement","OK","XXX"),"XXX") -> XXX
A158: =ROW() -> 158 | B158: =Profile!A171 -> 0 | C158: =Profile!AP173 -> 0 | D158: =IF(Profile!C171="Profile",IF(Profile!A173="ResourceRequirement","OK","XXX"),"XXX") -> XXX
A159: =ROW() -> 159 | B159: =Profile!A172 -> 1.1.1.4 Endpoint | C159: =Profile!AP174 -> 0 | D159: =IF(Profile!C172="Profile",IF(Profile!A174="ResourceRequirement","OK","XXX"),"XXX") -> XXX
...

Sheet Sheet3
A1: TrustedComponent 1.1.0 | B1: The TrustedComponent resource represents a trusted device, such as a TPM.
A2: Certificates | B2: The link to a collection of device identity certificates of the trusted component. Contains a link to a resource.
A3: @odata.id | B3: Link to Collection of Certificate. See the Certificate schema for details.
A4: FirmwareVersion | B4: The software version of the active software image on the trusted component.
A5: Links | B5: The links to other resources that are related to this resource.
A6: ActiveSoftwareImage | B6: The link to the software inventory resource that represents the active firmware image for this trusted component. See the SoftwareInventory schema for details on this property.
A7: @odata.id string read-write Link to a SoftwareInventory resource. See the Links section and the SoftwareInventory schema for details.
A8: ComponentIntegrity | B8: An array of links to ComponentIntegrity resources for which the trusted component is responsible.
A9: @odata.id | B9: Link to a ComponentIntegrity resource. See the Links section and the ComponentIntegrity schema for details.
A10: ComponentsProtected | B10: An array of links to resources that the target component protects.
A11: @odata.id | B11: The unique identifier for a resource.
A12: IntegratedInto | B12: A link to a resource to which this trusted component is integrated.
A13: @odata.id | B13: The unique identifier for a resource.
A14: Oem | B14: See the Oem object definition in the Common properties section.
A15: SoftwareImages | B15: The images that are associated with this trusted component.
A16: @odata.id | B16: Link to a SoftwareInventory resource. See the Links section and the SoftwareInventory schema for details.
A17: Manufacturer | B17: The manufacturer of this trusted component.
A18: Model | B18: The model number of the trusted component.
A19: PartNumber | B19: The part number of the trusted component.
... A49: RequestedWatts | B49: The potential power, in watts, that the subsystem requests, which might be higher than the current level being consumed because the requested power includes a budget that the subsystem wants for future use.
A50: Batteries | B50: The link to the collection of batteries within this subsystem. See the Battery schema for details. | C50: (v1.1+)
A51: @odata.id | B51: Link to Collection of Battery
A52: CapacityWatts | B52: The total amount of power that can be allocated to this subsystem. This value can be either the power supply capacity or the power budget that an upstream chassis assigns to this subsystem.
A53: PowerSupplies | B53: The link to the collection of power supplies within this subsystem.
A54: @odata.id | B54: Link to Collection of PowerSupply. See the PowerSupply schema for details.
A55: PowerSupplyRedundancy | B55: The redundancy information for the set of power supplies in this subsystem.
A56: MaxSupportedInGroup | B56: The maximum number of devices supported in this redundancy group. (v1.4+)
A57: MinNeededInGroup | B57: The minimum number of devices needed for this group to be redundant. (v1.4+)
A58: RedundancyGroup | B58: The links to the devices included in this redundancy group.
A59: @odata.id | B59: The unique identifier for a resource. (v1.4+)
A60: RedundancyType | B60: The redundancy mode of the group. For the possible property values, see RedundancyType in Property details. (v1.4+)
A61: Status | B61: The status and health of the resource and its subordinate or dependent resources. (v1.4+)
A62: Conditions | B62: Conditions in this resource that require attention. (v1.11+)
... A93: Links | B93: The links to other resources that are related to this resource.
A94: Oem See the Oem object definition in the Common properties section.
A95: Outlet | B95: A link to the outlet connected to this power supply. See the Outlet schema for details on this property. Deprecated in v1.4 and later. This property has been deprecated in favor of the PowerOutlets property to allow for consistent modeling of power supplies with multiple outlet support. (deprecated v1.4)
A96: @odata.id | B96: Link to an Outlet resource. See the Links section and the Outlet schema for details.
A97: PoweringChassis | B97: An array of links to the chassis that are directly powered by this power supply. (v1.4+)
A98: @odata.id | B98: Link to a Chassis resource. See the Links section and the Chassis schema for details.
A99: PowerOutlets | B99: Link to a Outlet resource. See the Links section and the Outlet schema for details. (v1.2+)
A100: Location | B100: The location of the power supply. For property details, see Location.
A101: LocationIndicatorActive | B101: An indicator allowing an operator to physically locate this resource.
A102: Manufacturer | B102: The manufacturer of this power supply.
A103: Metrics | B103: The link to the power supply metrics resource associated with this power supply. See the PowerSupplyMetrics schema for details on this property.
A104: @odata.id | B104: Link to a PowerSupplyMetrics resource. See the Links section and the PowerSupplyMetrics schema for details.
A105: Model | B105: The model number for this power supply.
A106: OutputNominalVoltageType | B106: The nominal output voltage type of this power supply. For the possible property values, see OutputNominalVoltageType in Property details. (v1.5+)
... A275: Reading | B275: The sensor value.
A276: THDPercent The total harmonic distortion (THD). (v1.1+)
A277: ChargePercent | B277: The amount of charge available (percent) in this battery. For more information about this property, see SensorExcerpt in Property Details.
A278: DischargeCycles | B278: The number of discharges this battery sustained.
A279: InputCurrentAmps | B279: The input current (A) for this battery. This object is an excerpt of the Sensor resource located at the URI shown in DataSourceUri.
A280: CrestFactor | B280: The crest factor for this sensor. (v1.1+)
A281: DataSourceUri | B281: The link to the resource that provides the data for this sensor.
A282: Reading | B282: The sensor value.
A283: THDPercent | B283: The total harmonic distortion (THD). (v1.1+)
A284: InputVoltage | B284: The input voltage (V) for this battery. This object is an excerpt of the Sensor resource located at the URI shown in DataSourceUri.
A285: CrestFactor | B285: The crest factor for this sensor. (v1.1+)
A286: DataSourceUri | B286: The link to the resource that provides the data for this sensor.
A287: Reading | B287: The sensor value.
A288: THDPercent | B288: The total harmonic distortion (THD). (v1.1+)
... A329: @odata.id | B329: The unique identifier for a resource. (v1.4+)
A330: RedundancyType | B330: The redundancy mode of the group. For the possible property values, see RedundancyType in Fans | C330: The link to the collection of fans within this subsystem. Contains a link to a resource.
A331: @odata.id | B331: Link to Collection of Fan. See the Fan schema for details.
A332: Heaters | B332: The link to the collection of heaters within this subsystem. Contains a link to a resource. (v1.1+)
A333: @odata.id string read-only Link to Collection of Heater. See the Heater schema for details.
A334: Status | B334: The status and health of the resource and its subordinate or dependent resources. For property details, see Status.
A335: Conditions | B335: Conditions in this resource that require attention. (v1.11+)
A336: LogEntry | B336: The link to the log entry created for this condition.
A337: @odata.id | B337: Link to a LogEntry resource.
A338: Message string | B338: The human-readable message for this condition.
A339: MessageArgs | B339: An array of message arguments that are substituted for the arguments in the message when looked up in the message registry.
A340: MessageId | B340: The identifier for the message.
A341: OriginOfCondition | B341: A link to the resource or object that originated the condition.
A342: @odata.id | B342: The unique identifier for a resource.
A343: Resolution | B343: Suggestions on how to resolve the condition. (v1.14+)
A344: Severity | B344: The severity of the condition. For the possible property values, see Severity in Property details.
A345: Timestamp | B345: The time the condition occurred.
... A354: AirFlowCubicMetersPerMinute | B354: The air flow through the chassis (m^3/min). For
A355: more information about this property, see SensorExcerpt in Property Details. (v1.2+)
A356: DeltaPressurekPa | B356: The differential pressure (kPa). For more information about this property, see SensorExcerpt in Property Details. (v1.2+)
A357: HeaterSummary | B357: The summary of heater metrics for this chassis. (v1.1+)
A358: TotalPrePowerOnHeatingTimeSeconds | B358: The total number of seconds all the heaters in the thermal subsystem were active while the respective devices they heat were powered off. (v1.1+)
A359: TotalRuntimeHeatingTimeSeconds | B359: The total number of seconds all the heaters in the thermal subsystem were active while the respective devices they heat were powered on. (v1.1+)
A360: TemperatureReadingsCelsius | B360: The temperatures (Celsius) from all related sensors for this device. This object is an excerpt of the Sensor resource located at the URI shown in DataSourceUri.
A361: DataSourceUri | B361: The link to the resource that provides the data for this sensor.
A362: DeviceName | B362: The name of the device. (v1.2+)
A363: PhysicalContext | B363: The area or device to which this sensor measurement applies. For the possible property
A364: values, see PhysicalContext in Property details.
A365: PhysicalSubContext | B365: The usage or location within a device to which this sensor measurement applies. For the possible
A366: property values, see PhysicalSubContext in Property details.
A367: Reading | B367: The sensor value.
A368: TemperatureSummaryCelsius | B368: The summary temperature readings for this chassis.
A369: Ambient | B369: The ambient temperature (Celsius) of this subsystem.
A370: DataSourceUri | B370: The link to the resource that provides the data for this sensor.
A371: Reading number | B371: The sensor value.
A372: Exhaust | B372: The exhaust temperature (Celsius) of this subsystem.
A373: DataSourceUri | B373: The link to the resource that provides the data for this sensor.
A374: Reading number | B374: The sensor value.
A375: Intake | B375: The intake temperature (Celsius) of this subsystem.
...
